<?xml version="1.0"?>
<!--
/**
 * @category  SixtySeven
 * @package   SixtySeven_Ajaxsuite
 * @author    SixtySeven https://67commerce.com/
 */
-->
<config xmlns:xsi="http://www.w3.org/2001/XMLSchema-instance"
        xsi:noNamespaceSchemaLocation="urn:magento:module:Magento_Customer:etc/sections.xsd">
    <action name="ajaxcart/cart/additem">
        <section name="cart"/>
        <section name="wishlist"/>
    </action>
    <action name="ajaxcart/cart/addwishlistitem">
        <section name="cart"/>
        <section name="wishlist"/>
    </action>
    <action name="ajaxcart/cart/updatepost">
        <section name="cart"/>
        <section name="wishlist"/>
    </action>
</config>
