<?xml version="1.0"?>
<!--
/**
 * @category  SixtySeven
 * @package   SixtySeven_Ajaxsuite
 * @author    SixtySeven https://67commerce.com/
 */
-->
<config xmlns:xsi="http://www.w3.org/2001/XMLSchema-instance" xsi:noNamespaceSchemaLocation="urn:magento:module:Magento_Config:etc/system_file.xsd">
    <system>
        <tab id="sixtyseven" translate="label" sortOrder="210">
            <label>67Commerce Extensions</label>
        </tab>
        <section id="sixtyseven_ajax_suite" translate="label" type="text" sortOrder="90" showInDefault="1" showInWebsite="1" showInStore="1">
            <label>Ajax Suite</label>
            <tab>sixtyseven</tab>
            <resource>SixtySeven_AjaxSuite::ajaxsuite_configuration</resource>
            <group id="global" translate="label" type="text" sortOrder="100" showInDefault="1" showInWebsite="1" showInStore="1">
                <label>67Commerce Global AjaxSuite</label>
                <field id="enabled" translate="label" type="select" sortOrder="100" showInDefault="1" showInWebsite="1" showInStore="1" canRestore="1">
                    <label>Enable Ajax Suite</label>
                    <source_model>Magento\Config\Model\Config\Source\Yesno</source_model>
                </field>
            </group>
            <group id="popup" translate="label" type="text" sortOrder="100" showInDefault="1" showInWebsite="1" showInStore="1">
                <label>Popup Configuration</label>
                <field id="show_remove_confirmation" translate="label" type="select" sortOrder="100" showInDefault="1" showInWebsite="1" showInStore="1" canRestore="1">
                    <label>Show Confirmation Popup on Remove/Delete</label>
                    <source_model>Magento\Config\Model\Config\Source\Yesno</source_model>
                </field>
            </group>
        </section>
    </system>
</config>