<?xml version="1.0"?>
<!--
/**
 * @category  SixtySeven
 * @package   SixtySeven_Ajaxsuite
 * @author    SixtySeven https://67commerce.com/
 */
-->
<config xmlns:xsi="http://www.w3.org/2001/XMLSchema-instance" xsi:noNamespaceSchemaLocation="urn:magento:module:Magento_Config:etc/system_file.xsd">
    <system>
        <section id="ss_ajaxsuite_cart" translate="label" type="text" sortOrder="120" showInDefault="1" showInWebsite="1" showInStore="1">
            <label>Ajax Cart</label>
            <tab>sixtyseven</tab>
            <resource>SixtySeven_Ajaxcart::ajaxcart_configuration</resource>
            <group id="global" translate="label" type="text" sortOrder="100" showInDefault="1" showInWebsite="1" showInStore="1">
                <label>Ajax Cart Configuration</label>
                <field id="enabled" translate="label" type="select" sortOrder="100" showInDefault="1" showInWebsite="1" showInStore="1">
                    <label>Enable Ajax Cart</label>
                    <source_model>Magento\Config\Model\Config\Source\Yesno</source_model>
                </field>
                <field id="eable_product_view" translate="label" type="select" sortOrder="110" showInDefault="1" showInWebsite="1" showInStore="1">
                    <label>Enable Ajax Cart In Product View Page</label>
                    <source_model>Magento\Config\Model\Config\Source\Yesno</source_model>
                </field>
                <field id="cart_btn_selector" translate="label comment" type="text" sortOrder="130" showInDefault="1" showInWebsite="1" showInStore="1">
                    <label>'Add to Cart' button selector</label>
                    <comment>In magento default theme its '.action.toart' or you can change this according to your theme.</comment>
                </field>
                <field id="auto_minicart_open" translate="label comment" type="select" sortOrder="160" showInDefault="1" showInWebsite="1" showInStore="1">
                    <label>Auto open minicart</label>
                    <comment>Auto open minicart when it gets update.</comment>
                    <source_model>Magento\Config\Model\Config\Source\Yesno</source_model>
                </field>
                <field id="cart_confirm_popup" translate="label comment" type="select" sortOrder="160" showInDefault="1" showInWebsite="1" showInStore="1">
                    <label>Show add to cart confirmation popup</label>
                    <comment>Show Add to cart confirmation popup with image,related items etc.</comment>
                    <source_model>Magento\Config\Model\Config\Source\Yesno</source_model>
                </field>
            </group>
            <group id="associated_product" translate="label" type="text" sortOrder="110" showInDefault="1" showInWebsite="1" showInStore="1">
                <label>Associated Product</label>
                <field id="enabled" translate="label" type="select" sortOrder="110" showInDefault="1" showInWebsite="1" showInStore="1">
                    <label>Show Associated Product</label>
                    <source_model>Magento\Config\Model\Config\Source\Yesno</source_model>
                </field>
                <field id="title" translate="label" type="text" sortOrder="115" showInDefault="1" showInWebsite="1" showInStore="1">
                    <label>Associated Product Section Title</label>
                </field>
                <field id="product_type" translate="label" type="select" sortOrder="120" showInDefault="1" showInWebsite="1" showInStore="1">
                    <label>Associated Product Type</label>
                    <source_model>SixtySeven\AjaxsuiteBase\Model\Config\Source\Associatedtype</source_model>
                </field>
                <field id="product_limit" translate="label comment" type="text" sortOrder="130" showInDefault="1" showInWebsite="1" showInStore="1">
                    <label>Associated Product Limit</label>
                    <comment>Max Products to show</comment>
                </field>
                <field id="sort_order" translate="label comment" type="select" sortOrder="130" showInDefault="1" showInWebsite="1" showInStore="1">
                    <label>Associated Product Sort order</label>
                    <comment>Sorting order of products to list</comment>
                    <source_model>SixtySeven\AjaxsuiteBase\Model\Config\Source\Associated\Sortorder</source_model>
                </field>
            </group>
            <group id="thumb" translate="label" type="text" sortOrder="120" showInDefault="1" showInWebsite="1" showInStore="1">
                <label>Product Thumbnail Configuration</label>
                <field id="enabled" translate="label comment" type="select" sortOrder="110" showInDefault="1" showInWebsite="1" showInStore="1">
                    <label>Show Thumbnail</label>
                    <comment>If yes them thumbnail image will be shown in confirmation popup.</comment>
                    <source_model>Magento\Config\Model\Config\Source\Yesno</source_model>
                </field>
                <field id="image_size_id" translate="label comment" type="select" sortOrder="120" showInDefault="1" showInWebsite="1" showInStore="1">
                    <label>Thumbnail Size</label>
                    <source_model>SixtySeven\AjaxsuiteBase\Model\Config\Source\ImageSize</source_model>
                    <comment>Thumbnail size is in width * height.</comment>
                </field>
            </group>
            <group id="popup" translate="label comment" type="text" sortOrder="140" showInDefault="1" showInWebsite="1" showInStore="1">
                <label>Popup Configuration</label>
                <comment>Thubnail or Associated Product configuration can be choosen from above section.</comment>
                <field id="auto_close" translate="label" type="select" sortOrder="90" showInDefault="1" showInWebsite="1" showInStore="1" canRestore="1">
                    <label>Auto Close Popup</label>
                    <source_model>Magento\Config\Model\Config\Source\Yesno</source_model>
                </field>
                <field id="auto_close_after" translate="label comment" type="text" sortOrder="100" showInDefault="1" showInWebsite="1" showInStore="1" canRestore="1">
                    <label>Auto Close Popup After</label>
                    <comment>In seconds</comment>
                </field>
                <field id="show_countdown_time" translate="label" type="select" sortOrder="105" showInDefault="1" showInWebsite="1" showInStore="1">
                    <label>Show Countdown Timer</label>
                    <source_model>Magento\Config\Model\Config\Source\Yesno</source_model>
                </field>
                <field id="show_continue" translate="label" type="select" sortOrder="110" showInDefault="1" showInWebsite="1" showInStore="1">
                    <label>Show Continue Button</label>
                    <source_model>Magento\Config\Model\Config\Source\Yesno</source_model>
                </field>
                <field id="continue_btn_text" translate="label" type="text" sortOrder="120" showInDefault="1" showInWebsite="1" showInStore="1">
                    <label>Continue Button Text</label>
                    <depends>
                        <field id="ss_ajaxsuite_cart/popup/show_continue">1</field>
                    </depends>
                </field>
                <field id="show_checkout" translate="label" type="select" sortOrder="130" showInDefault="1" showInWebsite="1" showInStore="1">
                    <label>Show Checkout Button</label>
                    <source_model>Magento\Config\Model\Config\Source\Yesno</source_model>
                </field>
                <field id="checkout_btn_text" translate="label" type="text" sortOrder="140" showInDefault="1" showInWebsite="1" showInStore="1">
                    <label>Checkout Button Text</label>
                    <depends>
                        <field id="ss_ajaxsuite_cart/popup/show_checkout">1</field>
                    </depends>
                </field>
                <field id="show_cart" translate="label" type="select" sortOrder="150" showInDefault="1" showInWebsite="1" showInStore="1">
                    <label>Show Cart Button</label>
                    <source_model>Magento\Config\Model\Config\Source\Yesno</source_model>
                </field>
                <field id="cart_btn_text" translate="label" type="text" sortOrder="160" showInDefault="1" showInWebsite="1" showInStore="1">
                    <label>Cart Button Text</label>
                    <depends>
                        <field id="ss_ajaxsuite_cart/popup/show_cart">1</field>
                    </depends>
                </field>
                <field id="show_cart_qty" translate="label" type="select" sortOrder="170" showInDefault="1" showInWebsite="1" showInStore="1">
                    <label>Show Cart Qty (No of items in cart)</label>
                    <source_model>Magento\Config\Model\Config\Source\Yesno</source_model>
                </field>
                <field id="show_cart_total" translate="label" type="select" sortOrder="180" showInDefault="1" showInWebsite="1" showInStore="1">
                    <label>Show Cart Total</label>
                    <source_model>Magento\Config\Model\Config\Source\Yesno</source_model>
                </field>
            </group>
        </section>
    </system>
</config>